{
  "Ansi 5 Color" : {
    "Red Component" : 0.89855408668518066,
    "Color Space" : "sRGB",
    "Blue Component" : 0.59879773855209351,
    "Alpha Component" : 1,
    "Green Component" : 0.76886701583862305
  },
  "Tags" : [

  ],
  "Ansi 12 Color" : {
    "Red Component" : 0.59206557273864746,
    "Color Space" : "sRGB",
    "Blue Component" : 0.93790364265441895,
    "Alpha Component" : 1,
    "Green Component" : 0.84338563680648804
  },
  "Right Option Key Sends" : 0,
  "Ansi 6 Color" : {
    "Red Component" : 0.74220961332321167,
    "Color Space" : "sRGB",
    "Blue Component" : 0.89620906114578247,
    "Alpha Component" : 1,
    "Green Component" : 0.81277894973754883
  },
  "Bold Color" : {
    "Red Component" : 0.99999600648880005,
    "Color Space" : "sRGB",
    "Blue Component" : 1,
    "Alpha Component" : 1,
    "Green Component" : 1
  },
  "Normal Font" : "HackNF-Regular 16",
  "Cursor Color" : {
    "Red Component" : 0.99607843160629272,
    "Color Space" : "sRGB",
    "Blue Component" : 1,
    "Alpha Component" : 1,
    "Green Component" : 1
  },
  "Ansi 0 Color" : {
    "Red Component" : 0.015686275437474258,
    "Color Space" : "sRGB",
    "Blue Component" : 0.015686275437474258,
    "Alpha Component" : 1,
    "Green Component" : 0.015686275437474258
  },
  "Rows" : 40,
  "Default Bookmark" : "No",
  "Ansi 1 Color" : {
    "Red Component" : 0.84613037109375,
    "Color Space" : "sRGB",
    "Blue Component" : 0.2010747492313385,
    "Alpha Component" : 1,
    "Green Component" : 0.29108250141143799
  },
  "Blend" : 0.49908514492753631,
  "Cursor Guide Color" : {
    "Red Component" : 0.70213186740875244,
    "Color Space" : "sRGB",
    "Blue Component" : 1,
    "Alpha Component" : 0.25,
    "Green Component" : 0.9268307089805603
  },
  "Non-ASCII Anti Aliased" : true,
  "Use Bright Bold" : true,
  "Ansi 10 Color" : {
    "Red Component" : 0.59946936368942261,
    "Color Space" : "sRGB",
    "Blue Component" : 0.17344316840171814,
    "Alpha Component" : 1,
    "Green Component" : 0.71117794513702393
  },
  "Ambiguous Double Width" : false,
  "Jobs to Ignore" : [
    "rlogin",
    "ssh",
    "slogin",
    "telnet"
  ],
  "Show Status Bar" : false,
  "Ansi 15 Color" : {
    "Red Component" : 0.89390510320663452,
    "Color Space" : "sRGB",
    "Blue Component" : 0.78074795007705688,
    "Alpha Component" : 1,
    "Green Component" : 0.83679884672164917
  },
  "Foreground Color" : {
    "Red Component" : 0.99607843160629272,
    "Color Space" : "sRGB",
    "Blue Component" : 1,
    "Alpha Component" : 1,
    "Green Component" : 1
  },
  "Bound Hosts" : [

  ],
  "Working Directory" : "\/Users\/ankang",
  "Blinking Cursor" : false,
  "Disable Window Resizing" : true,
  "Sync Title" : false,
  "Prompt Before Closing 2" : false,
  "BM Growl" : true,
  "Command" : "",
  "Description" : "Default",
  "Mouse Reporting" : true,
  "Screen" : -1,
  "Selection Color" : {
    "Red Component" : 0.37523728609085083,
    "Color Space" : "sRGB",
    "Blue Component" : 0.37524169683456421,
    "Alpha Component" : 1,
    "Green Component" : 0.37524682283401489
  },
  "Only The Default BG Color Uses Transparency" : true,
  "Columns" : 140,
  "Idle Code" : 0,
  "Background Image Mode" : 2,
  "Ansi 13 Color" : {
    "Red Component" : 0.66794437170028687,
    "Color Space" : "sRGB",
    "Blue Component" : 0,
    "Alpha Component" : 1,
    "Green Component" : 0.47304326295852661
  },
  "Custom Command" : "No",
  "ASCII Anti Aliased" : true,
  "Non Ascii Font" : "HackNF-Regular 16",
  "Vertical Spacing" : 1,
  "Use Bold Font" : true,
  "Option Key Sends" : 0,
  "Selected Text Color" : {
    "Red Component" : 0.99999600648880005,
    "Color Space" : "sRGB",
    "Blue Component" : 1,
    "Alpha Component" : 1,
    "Green Component" : 1
  },
  "Background Color" : {
    "Red Component" : 0.015686275437474258,
    "Color Space" : "sRGB",
    "Blue Component" : 0.015686275437474258,
    "Alpha Component" : 1,
    "Green Component" : 0.015686275437474258
  },
  "Character Encoding" : 4,
  "Ansi 11 Color" : {
    "Red Component" : 1,
    "Color Space" : "sRGB",
    "Blue Component" : 0.43768906593322754,
    "Alpha Component" : 1,
    "Green Component" : 0.71335631608963013
  },
  "Use Italic Font" : true,
  "Unlimited Scrollback" : true,
  "Keyboard Map" : {
    "0xf700-0x260000" : {
      "Action" : 10,
      "Text" : "[1;6A"
    },
    "0x37-0x40000" : {
      "Action" : 11,
      "Text" : "0x1f"
    },
    "0x32-0x40000" : {
      "Action" : 11,
      "Text" : "0x00"
    },
    "0xf709-0x20000" : {
      "Action" : 10,
      "Text" : "[17;2~"
    },
    "0xf70c-0x20000" : {
      "Action" : 10,
      "Text" : "[20;2~"
    },
    "0xf729-0x20000" : {
      "Action" : 10,
      "Text" : "[1;2H"
    },
    "0xf72b-0x40000" : {
      "Action" : 10,
      "Text" : "[1;5F"
    },
    "0xf705-0x20000" : {
      "Action" : 10,
      "Text" : "[1;2Q"
    },
    "0xf703-0x260000" : {
      "Action" : 10,
      "Text" : "[1;6C"
    },
    "0xf700-0x220000" : {
      "Action" : 10,
      "Text" : "[1;2A"
    },
    "0xf701-0x280000" : {
      "Action" : 11,
      "Text" : "0x1b 0x1b 0x5b 0x42"
    },
    "0x38-0x40000" : {
      "Action" : 11,
      "Text" : "0x7f"
    },
    "0x33-0x40000" : {
      "Action" : 11,
      "Text" : "0x1b"
    },
    "0xf703-0x220000" : {
      "Action" : 10,
      "Text" : "[1;2C"
    },
    "0xf701-0x240000" : {
      "Action" : 10,
      "Text" : "[1;5B"
    },
    "0xf70d-0x20000" : {
      "Action" : 10,
      "Text" : "[21;2~"
    },
    "0xf702-0x260000" : {
      "Action" : 10,
      "Text" : "[1;6D"
    },
    "0xf729-0x40000" : {
      "Action" : 10,
      "Text" : "[1;5H"
    },
    "0xf706-0x20000" : {
      "Action" : 10,
      "Text" : "[1;2R"
    },
    "0x34-0x40000" : {
      "Action" : 11,
      "Text" : "0x1c"
    },
    "0xf700-0x280000" : {
      "Action" : 11,
      "Text" : "0x1b 0x1b 0x5b 0x41"
    },
    "0x2d-0x40000" : {
      "Action" : 11,
      "Text" : "0x1f"
    },
    "0xf70e-0x20000" : {
      "Action" : 10,
      "Text" : "[23;2~"
    },
    "0xf702-0x220000" : {
      "Action" : 10,
      "Text" : "[1;2D"
    },
    "0xf703-0x280000" : {
      "Action" : 11,
      "Text" : "0x1b 0x1b 0x5b 0x43"
    },
    "0xf700-0x240000" : {
      "Action" : 10,
      "Text" : "[1;5A"
    },
    "0xf707-0x20000" : {
      "Action" : 10,
      "Text" : "[1;2S"
    },
    "0xf70a-0x20000" : {
      "Action" : 10,
      "Text" : "[18;2~"
    },
    "0x35-0x40000" : {
      "Action" : 11,
      "Text" : "0x1d"
    },
    "0xf70f-0x20000" : {
      "Action" : 10,
      "Text" : "[24;2~"
    },
    "0xf703-0x240000" : {
      "Action" : 10,
      "Text" : "[1;5C"
    },
    "0xf701-0x260000" : {
      "Action" : 10,
      "Text" : "[1;6B"
    },
    "0xf702-0x280000" : {
      "Action" : 11,
      "Text" : "0x1b 0x1b 0x5b 0x44"
    },
    "0xf72b-0x20000" : {
      "Action" : 10,
      "Text" : "[1;2F"
    },
    "0x36-0x40000" : {
      "Action" : 11,
      "Text" : "0x1e"
    },
    "0xf708-0x20000" : {
      "Action" : 10,
      "Text" : "[15;2~"
    },
    "0xf701-0x220000" : {
      "Action" : 10,
      "Text" : "[1;2B"
    },
    "0xf70b-0x20000" : {
      "Action" : 10,
      "Text" : "[19;2~"
    },
    "0xf702-0x240000" : {
      "Action" : 10,
      "Text" : "[1;5D"
    },
    "0xf704-0x20000" : {
      "Action" : 10,
      "Text" : "[1;2P"
    }
  },
  "Window Type" : 0,
  "Blur Radius" : 15.455402260638298,
  "Background Image Location" : "\/Users\/ankang\/Documents\/pap.er\/2153816060048965632.heic",
  "Blur" : true,
  "Badge Color" : {
    "Red Component" : 0.99999994039535522,
    "Color Space" : "sRGB",
    "Blue Component" : 9.0245162454039018e-09,
    "Alpha Component" : 0.5,
    "Green Component" : 0.1490195095539093
  },
  "Scrollback Lines" : 0,
  "Send Code When Idle" : false,
  "Close Sessions On End" : true,
  "Terminal Type" : "xterm-256color",
  "Visual Bell" : true,
  "Flashing Bell" : false,